id,type,title,original_width,original_height,original_ratio,width,height,ratio,normalized_force,focus_x,focus_y,crop_box,original_sha256,sha256
a-hundred-shields,force,A Hundred Shields,1536,640,2.4,1248,400,3.12,True,0.5,0.28,"[0, 0, 1536, 493]",774e7e3235c73aa3aed182cc9339d0e1060c1d53007978c97378cc108325980e,d3826b5818c9d0992e8b22fec6be2b0afbb275553cdad53e76704ac3db88cf7b
a-volley-before-dawn,tactic,A Volley Before Dawn,1536,640,2.4,1536,640,2.4,False,,,,7ad4edcedb9150531128cf5d1430b1f11a3a4edcc5923df99e7e7ae732b8a40e,7ad4edcedb9150531128cf5d1430b1f11a3a4edcc5923df99e7e7ae732b8a40e
alda-keeper-of-the-ford,hero,"Alda, Keeper of the Ford",1536,640,2.4,1536,640,2.4,False,,,,0dc69a6612c2fd32c7b3e76a6bb047252db8f601f0d6c846f18d9352ade2d777,0dc69a6612c2fd32c7b3e76a6bb047252db8f601f0d6c846f18d9352ade2d777
all-banners-forward,tactic,All Banners Forward,1536,640,2.4,1536,640,2.4,False,,,,22c50fa27fd185c9733849b88bfef2dbeb8363f01c4d61232156dbf90aa368db,22c50fa27fd185c9733849b88bfef2dbeb8363f01c4d61232156dbf90aa368db
all-reserves-forward,tactic,All Reserves Forward,1536,640,2.4,1536,640,2.4,False,,,,9d3396294641778c02aec4bfe8af30452b4ba413f7f1016bf53063fe3d1f5f4f,9d3396294641778c02aec4bfe8af30452b4ba413f7f1016bf53063fe3d1f5f4f
arel,name,Arel,1536,640,2.4,1536,640,2.4,False,,,,ef6c618aba0cd8a626b07abba8dd8d921ea529c8a3de9899cf33c4cdf1b05c3e,ef6c618aba0cd8a626b07abba8dd8d921ea529c8a3de9899cf33c4cdf1b05c3e
asha-the-shield-bearer,name,"Asha, the Shield-Bearer",1536,640,2.4,1536,640,2.4,False,,,,9012d09282a657994ffac4f9b905d0729026f0dbfd9da5aa288acf0d319bcd3f,9012d09282a657994ffac4f9b905d0729026f0dbfd9da5aa288acf0d319bcd3f
avaros-the-bronze-king,hero,"Avaros, the Bronze King",1536,640,2.4,1536,640,2.4,False,,,,c526610e31553333fc93eb902f7473639239e25d19c16bc027da0e1eca02952b,c526610e31553333fc93eb902f7473639239e25d19c16bc027da0e1eca02952b
before-sunset-the-ford-would-be-ours,narrative,"Before Sunset, the Ford Would Be Ours",1536,640,2.4,1536,640,2.4,False,,,,b4825bf2ed70bec23c7c02b6c138b8e1609dc0ee2bcefebf8e87a79b0ff28a1a,b4825bf2ed70bec23c7c02b6c138b8e1609dc0ee2bcefebf8e87a79b0ff28a1a
blocked-the-road-for,bond,Blocked the Road for,1536,640,2.4,1536,640,2.4,False,,,,2cb2d9d9396384232b6784f1248d8490cf92c80dc11f42528bd70426b2345b8c,2cb2d9d9396384232b6784f1248d8490cf92c80dc11f42528bd70426b2345b8c
bought-time-for,bond,Bought Time For,1536,640,2.4,1536,640,2.4,False,,,,e1f5a072463fa8fca497af98b30b5c39fe8c224f4b52cdbfdef0564c0f62057b,e1f5a072463fa8fca497af98b30b5c39fe8c224f4b52cdbfdef0564c0f62057b
brannoc,name,Brannoc,1536,640,2.4,1536,640,2.4,False,,,,289d6340caf96076cd2599015617a27647d7d5d407f73deb1d598fce6c12363f,289d6340caf96076cd2599015617a27647d7d5d407f73deb1d598fce6c12363f
carried-messages-for,bond,Carried Messages For,1536,640,2.4,1536,640,2.4,False,,,,a478a57b191d65311ec728a1e4f4b660ac3fb574438692f7892060b985fcd034,a478a57b191d65311ec728a1e4f4b660ac3fb574438692f7892060b985fcd034
carried-the-oath-of,bond,Carried the Oath of,1536,640,2.4,1536,640,2.4,False,,,,7f7b5a622c1b63aeac3d766637b51155974e73787d56bc7dd379f8f3b0bec930,7f7b5a622c1b63aeac3d766637b51155974e73787d56bc7dd379f8f3b0bec930
corin-of-the-high-wall,name,Corin of the High Wall,1536,640,2.4,1536,640,2.4,False,,,,a12f6815560d76c571de64d3e011e04f36251b8f77648d24f50567be15cc8ead,a12f6815560d76c571de64d3e011e04f36251b8f77648d24f50567be15cc8ead
covered-the-withdrawal-of,bond,Covered the Withdrawal of,1536,640,2.4,1536,640,2.4,False,,,,1cdc63c79c1edef8107508cd9bcbe07ccbb2635cdfa7a2c8eb0f0d9d0fa6d329,1cdc63c79c1edef8107508cd9bcbe07ccbb2635cdfa7a2c8eb0f0d9d0fa6d329
doros-the-last-spear,hero,"Doros, the Last Spear",1536,640,2.4,1536,640,2.4,False,,,,e83b5dafed598e412df60432b41973a5a08c8741b0c648c2a674633799e82657,e83b5dafed598e412df60432b41973a5a08c8741b0c648c2a674633799e82657
edrin,name,Edrin,1536,640,2.4,1536,640,2.4,False,,,,dc7f3058308e3c5a73e6a2533dbf9059bfabb7fb47890adcf2056a2e22bc094d,dc7f3058308e3c5a73e6a2533dbf9059bfabb7fb47890adcf2056a2e22bc094d
eira,name,Eira,1536,640,2.4,1536,640,2.4,False,,,,0111fe15b6318931aa214588272e0c0cea901f53724186919096093ccef09106,0111fe15b6318931aa214588272e0c0cea901f53724186919096093ccef09106
elian,name,Elian,1536,640,2.4,1536,640,2.4,False,,,,b44fb8cd232d1855488cdfc271e02ad1b4aa494eaaa23276a478ae3ade2bcc68,b44fb8cd232d1855488cdfc271e02ad1b4aa494eaaa23276a478ae3ade2bcc68
endured-with,bond,Endured With,1536,640,2.4,1536,640,2.4,False,,,,c3638dc15dc6e71a05cb061a14cfdf070110ebd6c65f38e05714400f1238845a,c3638dc15dc6e71a05cb061a14cfdf070110ebd6c65f38e05714400f1238845a
every-banner-turned-toward-them,stratagem,Every Banner Turned Toward Them,1536,640,2.4,1536,640,2.4,False,,,,b1e6460db1a6aff3eb186ef5c029497ca8319ce7dca86c9b1c61cab689c63731,b1e6460db1a6aff3eb186ef5c029497ca8319ce7dca86c9b1c61cab689c63731
every-bow-was-strung,narrative,Every Bow Was Strung,1536,640,2.4,1536,640,2.4,False,,,,d9dc88b36bf072c62193ed9f87bbc64deebf502db6520f9829f666de5a274b1a,d9dc88b36bf072c62193ed9f87bbc64deebf502db6520f9829f666de5a274b1a
followed,bond,Followed,1536,640,2.4,1536,640,2.4,False,,,,d903c760445f85e6a186645e5bd93b7c1abf9c9ecac68647cdbd0747dbde3a0b,d903c760445f85e6a186645e5bd93b7c1abf9c9ecac68647cdbd0747dbde3a0b
guarded,bond,Guarded,1536,640,2.4,1536,640,2.4,False,,,,f659842200340327d3b38c8c7e9e594bf5a15ed0625b045b7dc86bd9c96a6d66,f659842200340327d3b38c8c7e9e594bf5a15ed0625b045b7dc86bd9c96a6d66
had-been-ordered-forward,bond,Had Been Ordered Forward,1536,640,2.4,1536,640,2.4,False,,,,c7909847103817a7888670693918c7de752035662ee7be30040331b266c9ca05,c7909847103817a7888670693918c7de752035662ee7be30040331b266c9ca05
held-the-line-for,bond,Held the Line for,1536,640,2.4,1536,640,2.4,False,,,,1d821ce1e401c696437649956361c542e55ad87c90234293cbd6ab1a20460767,1d821ce1e401c696437649956361c542e55ad87c90234293cbd6ab1a20460767
iria,name,Iria,1536,640,2.4,1536,640,2.4,False,,,,e29fc3665d484e7dc4dbaa4d4f112d965f7acc5d1f597d1aff67ba0118f0d799,e29fc3665d484e7dc4dbaa4d4f112d965f7acc5d1f597d1aff67ba0118f0d799
iven,name,Iven,1536,640,2.4,1536,640,2.4,False,,,,8e04b4d2e4706cb84da4a722d126d579f848ac02ce9f5f69ce7badc301a4dea4,8e04b4d2e4706cb84da4a722d126d579f848ac02ce9f5f69ce7badc301a4dea4
kael-the-roadless,hero,"Kael, the Roadless",1536,640,2.4,1536,640,2.4,False,,,,1b524d296ee2fda13cce096e439b0b8d6010f3c7e2079820234f80349a50266a,1b524d296ee2fda13cce096e439b0b8d6010f3c7e2079820234f80349a50266a
kept-pace-with,bond,Kept Pace With,1536,640,2.4,1536,640,2.4,False,,,,0965eb0a9a3b27558cbf7f678597f5d0d15662717514010f7ba0bee2f9603e42,0965eb0a9a3b27558cbf7f678597f5d0d15662717514010f7ba0bee2f9603e42
kept-the-gate-for,bond,Kept the Gate For,1536,640,2.4,1536,640,2.4,False,,,,feb26ccafea7e084691bcdd56053fd3a0b9f7d8b4990314d721d0cc4169d9bd7,feb26ccafea7e084691bcdd56053fd3a0b9f7d8b4990314d721d0cc4169d9bd7
lysa-the-listener,name,Lysa the Listener,1536,640,2.4,1536,640,2.4,False,,,,3ed509efec56741a917ee74b3d33eabd004b11cc16a12f61b00359d16fc4fa1e,3ed509efec56741a917ee74b3d33eabd004b11cc16a12f61b00359d16fc4fa1e
maelin,name,Maelin,1536,640,2.4,1536,640,2.4,False,,,,9e5f1dd4f1587825627bc0e763a1775d9bd0abd5719ed23612bdec70915f9718,9e5f1dd4f1587825627bc0e763a1775d9bd0abd5719ed23612bdec70915f9718
mara,name,Mara,1536,640,2.4,1536,640,2.4,False,,,,f3944fc01aef8f830d150c41c5d0b0422d1e3825c9f4ea4330b3fabd99e8b0c3,f3944fc01aef8f830d150c41c5d0b0422d1e3825c9f4ea4330b3fabd99e8b0c3
marched-beneath-the-banner-of,bond,Marched Beneath the Banner of,1536,640,2.4,1536,640,2.4,False,,,,0e963cf63da3d45ef001ec14183011a859a60e7bd5fe6d4f0f71e8d68e7377f4,0e963cf63da3d45ef001ec14183011a859a60e7bd5fe6d4f0f71e8d68e7377f4
marched-with,bond,Marched With,1536,640,2.4,1536,640,2.4,False,,,,9023a4d0d960cfc60030ce90327b19de9cfaef1ab90643d69a2677555864ae61,9023a4d0d960cfc60030ce90327b19de9cfaef1ab90643d69a2677555864ae61
meren,name,Meren,1536,640,2.4,1536,640,2.4,False,,,,ec34a58313fa6ff8e6a73a9293a862faa9dbffa9ab818f68fce0f387839bef6f,ec34a58313fa6ff8e6a73a9293a862faa9dbffa9ab818f68fce0f387839bef6f
namar,name,Namar,1536,640,2.4,1536,640,2.4,False,,,,152060c72a61076a87b69324e5c489b525bad76aebce6ef2e537ba9bab60dedc,152060c72a61076a87b69324e5c489b525bad76aebce6ef2e537ba9bab60dedc
nara-builder-of-walls,hero,"Nara, Builder of Walls",1536,640,2.4,1536,640,2.4,False,,,,96e22ddbade776bd465e2b4f79b283159d7db5181fcbc446a2aa5de84fb32bb4,96e22ddbade776bd465e2b4f79b283159d7db5181fcbc446a2aa5de84fb32bb4
neris-the-ferryman,hero,"Neris, the Ferryman",1536,640,2.4,1536,640,2.4,False,,,,5c02de0fe88431488d1d41714e5a5cb6dff65c62ec68c23b8710dc987f21f164,5c02de0fe88431488d1d41714e5a5cb6dff65c62ec68c23b8710dc987f21f164
no-one-would-be-first-to-leave,narrative,No One Would Be First to Leave,1536,640,2.4,1536,640,2.4,False,,,,95bfb2680825fabffd3d033347b7b4e823062c3d454b5e7ed397b58494789b97,95bfb2680825fabffd3d033347b7b4e823062c3d454b5e7ed397b58494789b97
no-road-was-too-long,narrative,No Road Was Too Long,1536,640,2.4,1536,640,2.4,False,,,,cee48b0ed8df21413a5c602251f58c2fed89e15d49c6e5eb130ad873cd5cab9d,cee48b0ed8df21413a5c602251f58c2fed89e15d49c6e5eb130ad873cd5cab9d
no-step-back,stratagem,No Step Back,1536,640,2.4,1536,640,2.4,False,,,,06ef3abe1367859519d2fe7b67631ba7b0b8375889bd7754c1a707f5249a67b8,06ef3abe1367859519d2fe7b67631ba7b0b8375889bd7754c1a707f5249a67b8
oren,name,Oren,1536,640,2.4,1536,640,2.4,False,,,,0f9a8e8257bd78d12c28155c8fed48f1a19df11b5f8bc60b76295bd20a622aa3,0f9a8e8257bd78d12c28155c8fed48f1a19df11b5f8bc60b76295bd20a622aa3
rallied-behind,bond,Rallied Behind,1536,640,2.4,1536,640,2.4,False,,,,beeeb5ef395d79b2ecd26f8a6db9d79d3545dc76976fc12c9997e88f90ce87f9,beeeb5ef395d79b2ecd26f8a6db9d79d3545dc76976fc12c9997e88f90ce87f9
rovan-the-gatebreaker,hero,"Rovan, the Gatebreaker",1536,640,2.4,1536,640,2.4,False,,,,a1772538303968b8c795f3eb646fdef5ce41f0f59eb569913ca02ba6ddd8897d,a1772538303968b8c795f3eb646fdef5ce41f0f59eb569913ca02ba6ddd8897d
seized-the-standard-of,bond,Seized the Standard of,1536,640,2.4,1536,640,2.4,False,,,,c8ab04f45f623afab8eee8fb8d5890a2ca5bb00127eeb3cf016d6aef94b21b2d,c8ab04f45f623afab8eee8fb8d5890a2ca5bb00127eeb3cf016d6aef94b21b2d
sela,name,Sela,1536,640,2.4,1536,640,2.4,False,,,,2df492e2470c9a6138a9169919996c00fe2f279bae607b70d59c67fc7f8baea8,2df492e2470c9a6138a9169919996c00fe2f279bae607b70d59c67fc7f8baea8
serai-queen-of-crows,hero,"Serai, Queen of Crows",1536,640,2.4,1536,640,2.4,False,,,,05a3df8811370032de55bc60a393863269dbed4fe2ccc95c31bd56c231703e37,05a3df8811370032de55bc60a393863269dbed4fe2ccc95c31bd56c231703e37
seven-black-ships,force,Seven Black Ships,1536,640,2.4,1248,400,3.12,True,0.5,0.28,"[0, 0, 1536, 493]",18efea8cad493f7f6e4e6a66cb305640d0515336ca2adb09f0458d947c02c13e,5f33c60d899ac8bb5312be6f97bb79d78e4ac235d5b1b8ac93b77d0babe8ee74
shared-the-spoils-with,bond,Shared the Spoils With,1536,640,2.4,1536,640,2.4,False,,,,c41b755f7f46a550646eaa4b8b81de941cc238f0028802dcd34d7e15ce089103,c41b755f7f46a550646eaa4b8b81de941cc238f0028802dcd34d7e15ce089103
sorin,name,Sorin,1536,640,2.4,1536,640,2.4,False,,,,65e1e36c6bc4594f1659abbfe4a797ba9647f4cd35d13c54bd27766304d58733,65e1e36c6bc4594f1659abbfe4a797ba9647f4cd35d13c54bd27766304d58733
stayed-behind-for,bond,Stayed Behind For,1536,640,2.4,1536,640,2.4,False,,,,694942b1c80bfbb13b2018e31750330afd94e945474c4a22ddd1294d860529d3,694942b1c80bfbb13b2018e31750330afd94e945474c4a22ddd1294d860529d3
stood-fast-with,bond,Stood Fast With,1536,640,2.4,1536,640,2.4,False,,,,107bf51062b8a6b7e0cc8f3ea10536b2911e51a0e118d2a84557d00505a531ae,107bf51062b8a6b7e0cc8f3ea10536b2911e51a0e118d2a84557d00505a531ae
swore-again-to,bond,Swore Again To,1536,640,2.4,1536,640,2.4,False,,,,08e66da8916f71a2a52e0554d9618e207e94648b67357769e9d4beb59358667d,08e66da8916f71a2a52e0554d9618e207e94648b67357769e9d4beb59358667d
tala,name,Tala,1536,640,2.4,1536,640,2.4,False,,,,2b752faf13c046edb8b90f16ff4a65cb240e60ad6d8dc7832629c99ff8690e03,2b752faf13c046edb8b90f16ff4a65cb240e60ad6d8dc7832629c99ff8690e03
teren,name,Teren,1536,640,2.4,1536,640,2.4,False,,,,9863f15421c40e567942fb820467a9e09fcf9ee53936c3cae876941256aab02f,9863f15421c40e567942fb820467a9e09fcf9ee53936c3cae876941256aab02f
the-aradai,force,The Aradai,1536,640,2.4,1248,400,3.12,True,0.5,0.28,"[0, 0, 1536, 493]",7a168c1911ac3706fc50d10f29bba7bd8113598422d87c3fa9ab32bc9ae8ee58,dc121131095fb81f26d572344d5b1ebb40f8fcbc49c3f18985bcda16e29d219c
the-archers-were-ready,stratagem,The Archers Were Ready,1536,640,2.4,1536,640,2.4,False,,,,9463954641ebaa19eed53639a80ea2b1809175de54ca552b795cbbbb1fb0c91c,9463954641ebaa19eed53639a80ea2b1809175de54ca552b795cbbbb1fb0c91c
the-ash-bowmen,force,The Ash Bowmen,1536,640,2.4,1248,400,3.12,True,0.5,0.28,"[0, 0, 1536, 493]",00c126ed5f631773307e8aca2b8568a97c406b46958bedcacb8be2ba36b7ca47,e76aa26b601269f29cc6729073cff6204bcd04e9ee70baf0a6720f55ea163139
the-baggage-was-abandoned,tactic,The Baggage Was Abandoned,1536,640,2.4,1536,640,2.4,False,,,,3df76da316cdd3b9befc0525dfa321239bcdf5bf1f321ecd8429deadfb17b9a6,3df76da316cdd3b9befc0525dfa321239bcdf5bf1f321ecd8429deadfb17b9a6
the-banner-singers,force,The Banner Singers,1536,640,2.4,1248,400,3.12,True,0.5,0.28,"[0, 0, 1536, 493]",c7fc345e68b79d7a90c1147c716de2ee4f4cd20e7bae9c57f4736a5b8656342e,0f0044b28e1aed274e5958909b206c036e3879be22fec9ecac78aa0f3c342676
the-battle-had-chosen-them,narrative,The Battle Had Chosen Them,1536,640,2.4,1536,640,2.4,False,,,,b30fa998603ba0b1e96f762b5daa7fafdf148b6d2b172d0dd35d984ff94cfd95,b30fa998603ba0b1e96f762b5daa7fafdf148b6d2b172d0dd35d984ff94cfd95
the-battle-turned-east,stratagem,The Battle Turned East,1536,640,2.4,1536,640,2.4,False,,,,7cca31bdee554066fe1a9a2f4b074d1178fe740fe665152c390adc176ed96625,7cca31bdee554066fe1a9a2f4b074d1178fe740fe665152c390adc176ed96625
the-black-company,force,The Black Company,1536,640,2.4,1248,400,3.12,True,0.5,0.12,"[0, 0, 1536, 493]",5661c0e7822e621a5a7ba2b4a7391f1096ac30a17aa2462dded897fb89048bdb,95a5508bd97f2b7976df8c0d461d32309dfd0f26068542c70d8505d6fb614101
the-center-must-hold,stratagem,The Center Must Hold,1536,640,2.4,1536,640,2.4,False,,,,8f38288076b466d87916e935d51b3626d55ff099a99a611cea50f61003592496,8f38288076b466d87916e935d51b3626d55ff099a99a611cea50f61003592496
the-crow-archers,force,The Crow Archers,1536,640,2.4,1248,400,3.12,True,0.5,0.18,"[0, 0, 1536, 493]",3baa3d244ecc15a2c39f2db00a8ca152319cffe49533b825155f2877b7da218e,c6058f64acb75dcdd7a85d3942854020c35dda00dd2883fde3b3438286a7f75b
the-crows-came-down,narrative,The Crows Came Down,1536,640,2.4,1536,640,2.4,False,,,,256d250b1bae443911ba09604582a62272346e8c77896149fb0d230c14bf8289,256d250b1bae443911ba09604582a62272346e8c77896149fb0d230c14bf8289
the-damar,force,The Damar,1536,640,2.4,1248,400,3.12,True,0.5,0.28,"[0, 0, 1536, 493]",622a92403fd18494b7d8283707938d557b8ef6dbf75f5d17903ab260df91770f,c18452c91e133175ffad037436e4f6e356c5a5484a0df10cedcc286b48ae9bdd
the-dust-riders,force,The Dust Riders,1536,640,2.4,1248,400,3.12,True,0.5,0.18,"[0, 0, 1536, 493]",565f08e20b805885d25fe2d96b9e8ce57553b713c75f681796334ea17dd450e8,b813d3b9b651404517a9badde4cf3466129ca65ba8819ca29d9f61d9ecf2f546
the-fifty-men,force,The Fifty Men,1536,640,2.4,1248,400,3.12,True,0.5,0.28,"[0, 0, 1536, 493]",cd18b86517b52180926052cccbb4abb96b4d234a8c7d75eeb1c6efef407cee98,cd1021456280f5c71eba8027f877f8fe69e55d4eb97836330a5ab99c07d39a36
the-first-spear,force,The First Spear,1536,640,2.4,1248,400,3.12,True,0.5,0.18,"[0, 0, 1536, 493]",4cb44d16e7366f91d0ca1086f6628511d56be13fa00b5c1bc55569647260e950,3a2f0f90335c437d8345e3bd9db58d775dd24e3617012e62c9f811af59988079
the-flank-was-refused,stratagem,The Flank Was Refused,1536,640,2.4,1536,640,2.4,False,,,,d8f2d79760f74f98a9a1048b4ad5f402efc25dfe03ccb93479f1fb177851edb9,d8f2d79760f74f98a9a1048b4ad5f402efc25dfe03ccb93479f1fb177851edb9
the-grey-riders,force,The Grey Riders,1536,640,2.4,1248,400,3.12,True,0.5,0.18,"[0, 0, 1536, 493]",58ffe8de9580a3270007379222db0feb4f4afec5ca9506981e957cf86a6c88d1,49d2978ada920513a1dfa3a51a97b8ff031dc40d01719104156140a2bbf152d0
the-ground-was-held,stratagem,The Ground Was Held,1536,640,2.4,1536,640,2.4,False,,,,8fb18425b0148a75b8a797ef10b5f30eff4ce5582a49e0e42fb99e87292d7802,8fb18425b0148a75b8a797ef10b5f30eff4ce5582a49e0e42fb99e87292d7802
the-house-of-reed,force,The House of Reed,1536,640,2.4,1248,400,3.12,True,0.5,0.28,"[0, 0, 1536, 493]",f33da279a84c5daa9a61ee20f91882c6a9ea359a7620543e1aa4caba420ae0ae,076f1e5ec107397d84992b9ab14c3e2bc8e336106299304236b0f90de189fe96
the-ilyri,force,The Ilyri,1536,640,2.4,1248,400,3.12,True,0.5,0.28,"[0, 0, 1536, 493]",bdd170a81dcc35c32022e5738f9848206976823dc772da00c07a381bf00e1512,f7134903595a22b4761958a2468e371828d7d1d539a8a8715f2aa7ce3c39aecc
the-iron-boars,force,The Iron Boars,1536,640,2.4,1248,400,3.12,True,0.5,0.18,"[0, 0, 1536, 493]",727d0c545651e5c074db16674bb1bc7dd403a7bd4232ad088c217ccc9f138cda,19d95bd5221f068c8fdc5de33ea8c974fd4f6f85a70ef560fc5860cf73277649
the-king-had-given-the-order,narrative,The King Had Given the Order,1536,640,2.4,1536,640,2.4,False,,,,6d4e8f99a41e8bfcdf3add86bac825d7dd29bbc08ffaecee83a9ad795258bf73,6d4e8f99a41e8bfcdf3add86bac825d7dd29bbc08ffaecee83a9ad795258bf73
the-kings-spears,force,The King's Spears,1536,640,2.4,1248,400,3.12,True,0.5,0.28,"[0, 0, 1536, 493]",62329023bc26bb6472156f6479993969710e88c05a7ff5355c75a0a92d8fc1eb,cbde2b57ff6d2ef333c8f30a5b6f7f6011b71f19de8f233efdd2f0d7c5c60769
the-lantern-scouts,force,The Lantern Scouts,1536,640,2.4,1248,400,3.12,True,0.5,0.28,"[0, 0, 1536, 493]",180a6b527d33896169c5f11c27f1e9aead8759a1695f9b599033879d2740eb0e,6c1c6fd23233b690e8bf822db0ab96cdd6709e76a1aee5eb084e534dd2276fe7
the-late-banner,force,The Late Banner,1536,640,2.4,1248,400,3.12,True,0.5,0.28,"[0, 0, 1536, 493]",23cfaacb675df498abb616879e217e8bca657f90fcf8783437a3cafaca8c63a1,c355827bce0a7fbb68e5b19bccf69ccc6f8ca5b92cd8d41bea6724e82b5665eb
the-line-had-begun-to-move,tactic,The Line Had Begun to Move,1536,640,2.4,1536,640,2.4,False,,,,9d0a3fbda658796ae409b0f3800c20cca05634392e3cab44b8176cf9c0589502,9d0a3fbda658796ae409b0f3800c20cca05634392e3cab44b8176cf9c0589502
the-line-was-baited,tactic,The Line Was Baited,1536,640,2.4,1536,640,2.4,False,,,,ddde0082470b949fc566569ef0b8e9092dfea7ff1bb666140141532b31f1bcfc,ddde0082470b949fc566569ef0b8e9092dfea7ff1bb666140141532b31f1bcfc
the-line-wheeled,tactic,The Line Wheeled,1536,640,2.4,1536,640,2.4,False,,,,4c58ca9cef2d717297c91b7d609ea528725d6e33c67257263eb5dcfb4d4ae603,4c58ca9cef2d717297c91b7d609ea528725d6e33c67257263eb5dcfb4d4ae603
the-lines-held,stratagem,The Lines Held,1536,640,2.4,1536,640,2.4,False,,,,fc24c09a36fcd49f2a2c1a48a3fe77081efcf1d93ee080b7ace53ee5a07fce63,fc24c09a36fcd49f2a2c1a48a3fe77081efcf1d93ee080b7ace53ee5a07fce63
the-long-march,narrative,The Long March,1536,640,2.4,1536,640,2.4,False,,,,7c7cc862c02e95aea90646d108ec45761c4fc5ab3c5fd217ce210a482da484ec,7c7cc862c02e95aea90646d108ec45761c4fc5ab3c5fd217ce210a482da484ec
the-muster-was-false,tactic,The Muster Was False,1536,640,2.4,1536,640,2.4,False,,,,61948e2c796497f31d8557f871716c40858a309c0cbb96c5ea9dde3e003a249f,61948e2c796497f31d8557f871716c40858a309c0cbb96c5ea9dde3e003a249f
the-old-guard,force,The Old Guard,1536,640,2.4,1248,400,3.12,True,0.5,0.14,"[0, 0, 1536, 493]",e161578726e935ac40d3bdde56db3247d291b124740c7e9a2c0f47206716b88d,5f030aa51101590bf7f623e966419234d32ddbabbe26939eb7182097712e0a32
the-raiders-came-home-loaded,narrative,The Raiders Came Home Loaded,1536,640,2.4,1536,640,2.4,False,,,,32ea4dadf650e3815605f66548f84a5565359f6efacff1891994ac4416d6c63a,32ea4dadf650e3815605f66548f84a5565359f6efacff1891994ac4416d6c63a
the-red-duelists,force,The Red Duelists,1536,640,2.4,1248,400,3.12,True,0.5,0.16,"[0, 0, 1536, 493]",ab025dec43c70d3825e706908566e107eeaeb14352d8dfae1fa84628f1bb8a5a,8c9497e95e44f949a26bfc7b9bf2785880079be5c85270f580777ce4be8570ae
the-river-raiders,force,The River Raiders,1536,640,2.4,1248,400,3.12,True,0.5,0.28,"[0, 0, 1536, 493]",cbcb3b2d5f02be3368648646edd87c5bdca858fe65356a5f906734eb1b7b3956,57371322c2a71bf32070fd3efeecba597512a447aaa74d90152c2ea1606df3fa
the-salt-road-fleet,force,The Salt-Road Fleet,1536,640,2.4,1248,400,3.12,True,0.5,0.28,"[0, 0, 1536, 493]",b42e5d3817000a0686e3cb68384f709809287951dad7bf4c0bfd40024f1a7c94,0d7267837dd0dddcf443d36af37a04a33245c8fd4f324a14736597bc375d6be7
the-scouts-found-the-gap,tactic,The Scouts Found the Gap,1536,640,2.4,1536,640,2.4,False,,,,cb5bf851180f07a16de17ff7f69f8e7537aa0b9c757433bec2577df186fc30ca,cb5bf851180f07a16de17ff7f69f8e7537aa0b9c757433bec2577df186fc30ca
the-scouts-had-warned-them,stratagem,The Scouts Had Warned Them,1536,640,2.4,1536,640,2.4,False,,,,cf4d7636a7e103dbdc3d0463458f7d54e5abfaf211262f400d32c1fa947cd429,cf4d7636a7e103dbdc3d0463458f7d54e5abfaf211262f400d32c1fa947cd429
the-serekh,force,The Serekh,1536,640,2.4,1248,400,3.12,True,0.5,0.28,"[0, 0, 1536, 493]",867e00327eca7a31448e2046f1c70e0b42eabfa8093bae67c3df9b79f76b7e4a,400c360e3b69db29d76f45f87fc42fd55aab44ef38d9d1fcb72a2dc0c946ff47
the-stores-were-taken,tactic,The Stores Were Taken,1536,640,2.4,1536,640,2.4,False,,,,258aa4e8a1d0671a1187ecb932249ad5573881faa235f98c74152dfb8544006e,258aa4e8a1d0671a1187ecb932249ad5573881faa235f98c74152dfb8544006e
the-thornbow-hunters,force,The Thornbow Hunters,1536,640,2.4,1248,400,3.12,True,0.5,0.28,"[0, 0, 1536, 493]",6eefa98ec0df5119d5db6b1bd8fe678f2d3349c09aaf7ca2e710646ef8c953bf,a270bbbfd1181976e456bd1ffa223d3db26fc1036fb2cfb3b9505b7fb000d79e
the-trap-closed,stratagem,The Trap Closed,1536,640,2.4,1536,640,2.4,False,,,,b12b1e6e2e49f48637763b631e3cf5ea03ca0574888b15dbda53aae4240e0e1e,b12b1e6e2e49f48637763b631e3cf5ea03ca0574888b15dbda53aae4240e0e1e
the-unnamed-host,force,The Unnamed Host,1536,640,2.4,1248,400,3.12,True,0.5,0.28,"[0, 0, 1536, 493]",684f85f2643ffe06034f15da63c810fc0df6a74afb0dbb82c12d4cace934fb6e,c07838ae3005174fa874d6ee3e2fd9c361f76817de6d3110747f8d32bc770218
the-vardai,force,The Vardai,1536,640,2.4,1248,400,3.12,True,0.5,0.28,"[0, 0, 1536, 493]",dc9e047b116785351b07464fc284f0d2e0d797dd0f8083fe0dbddee41adf5cd4,3fa5123c4c5b6f021bca870a190189bda899373ae1fa41128266238e0e1608f7
the-wall-did-not-break,narrative,The Wall Did Not Break,1536,640,2.4,1536,640,2.4,False,,,,8ccd1cd4bf3828b09b539566e33dd121d58715d5fd65b9e95cf8b60f09697dc4,8ccd1cd4bf3828b09b539566e33dd121d58715d5fd65b9e95cf8b60f09697dc4
the-watchtowers-of-eren,force,The Watchtowers of Eren,1536,640,2.4,1248,400,3.12,True,0.5,0.28,"[0, 0, 1536, 493]",d712e59a737c429bb57aa5d051cb9cd7a383451b77d2152d7c22b4beb2b37f30,dd283c2ceb9a1b8acc69a6dc1e760a16694fe598d5265833a8f62e41f3e058c1
the-white-hands-of-elara,force,The White Hands of Elara,1536,640,2.4,1248,400,3.12,True,0.5,0.2,"[0, 0, 1536, 493]",e77567b3078faf5064976f6c6c4f743f9c1f131550c4c38e99b5aab832dbbfa4,0b62b643d445a43f7fb4a073ee38fedbbdac5fb6cfbc9504de3563ea8d34d651
there-was-no-road-back,stratagem,There Was No Road Back,1536,640,2.4,1536,640,2.4,False,,,,c27a81c29e3c78bd5ed2f48f007d02a50574dac08dc4eecd03117a714c9c9832,c27a81c29e3c78bd5ed2f48f007d02a50574dac08dc4eecd03117a714c9c9832
they-had-gone-too-far,tactic,They Had Gone Too Far,1536,640,2.4,1536,640,2.4,False,,,,dd4fd7f8abfc97757f45b73b505bf28b7e95b1b21e05c17bd099f13e44608de1,dd4fd7f8abfc97757f45b73b505bf28b7e95b1b21e05c17bd099f13e44608de1
they-knew-the-ground,narrative,They Knew the Ground,1536,640,2.4,1536,640,2.4,False,,,,5b2fb58c1e613a13fda5ff5f12e2da7b11b6ec64646f9894b62140f0081338d9,5b2fb58c1e613a13fda5ff5f12e2da7b11b6ec64646f9894b62140f0081338d9
they-let-them-through,tactic,They Let Them Through,1536,640,2.4,1536,640,2.4,False,,,,2c3c1f4d0d7881b2a8ed14018d94a82a0010fd944747443c87f6c564b65805b4,2c3c1f4d0d7881b2a8ed14018d94a82a0010fd944747443c87f6c564b65805b4
they-lived-to-tell-it,narrative,They Lived to Tell It,1536,640,2.4,1536,640,2.4,False,,,,2c12c0e8553f74d467cd9cbe0a498897314d505d46285b825535ef06dbd8625a,2c12c0e8553f74d467cd9cbe0a498897314d505d46285b825535ef06dbd8625a
they-returned-with-names,tactic,They Returned With Names,1536,640,2.4,1536,640,2.4,False,,,,39fc440c5b21b6eec8e31bdcdbebb99cb25d087fb739e3cf4d55b3b79e41179d,39fc440c5b21b6eec8e31bdcdbebb99cb25d087fb739e3cf4d55b3b79e41179d
they-were-gathering-there,tactic,They Were Gathering There,1536,640,2.4,1536,640,2.4,False,,,,99cbd9437c8c1375d8e81130ca3db3a055693ad07533949a85cdb9615673fbc0,99cbd9437c8c1375d8e81130ca3db3a055693ad07533949a85cdb9615673fbc0
thirty-spears,force,Thirty Spears,1536,640,2.4,1248,400,3.12,True,0.5,0.28,"[0, 0, 1536, 493]",aebe6fa4353effa5d4263bc81989d65481819f017d0690327e07ab7092c35ea7,a13e09d34480c3a0e735924c15a02f5e6d1b7ec9d01462a9cb518b2dd2a2d1d9
torren,name,Torren,1536,640,2.4,1536,640,2.4,False,,,,ec00bb856143eaf9eed1b7cdec8eea7f1927c5add55b164b4fb140e87de5eb0b,ec00bb856143eaf9eed1b7cdec8eea7f1927c5add55b164b4fb140e87de5eb0b
tovan-the-quartermaster,hero,"Tovan, the Quartermaster",1536,640,2.4,1536,640,2.4,False,,,,2c092cb08191abdb469168ea187f676631601e3a36d38a5c77dee13acb38b92d,2c092cb08191abdb469168ea187f676631601e3a36d38a5c77dee13acb38b92d
trusted,bond,Trusted,1536,640,2.4,1536,640,2.4,False,,,,c83f93c6cd5eb0d8bac1e5ddc6deccab1614f08b9df7182154b52466b0a81549,c83f93c6cd5eb0d8bac1e5ddc6deccab1614f08b9df7182154b52466b0a81549
veyra-keeper-of-oaths,hero,"Veyra, Keeper of Oaths",1536,640,2.4,1536,640,2.4,False,,,,21fcf1b22a13fde7854bb9d4c8826e7995bdcad92877053a537701edee0501cb,21fcf1b22a13fde7854bb9d4c8826e7995bdcad92877053a537701edee0501cb
watched-the-skies-for,bond,Watched the Skies For,1536,640,2.4,1536,640,2.4,False,,,,0aa4086981599789daf9c7c610b2b4212f3677f65cbb880abd08ff3c81b814b5,0aa4086981599789daf9c7c610b2b4212f3677f65cbb880abd08ff3c81b814b5
yara-the-chronicler,hero,"Yara, the Chronicler",1536,640,2.4,1536,640,2.4,False,,,,bbdddbe62054331b6b3ab100fdd7f1b7eb4182ebd721d9e0976f49c1576cfdc3,bbdddbe62054331b6b3ab100fdd7f1b7eb4182ebd721d9e0976f49c1576cfdc3
